Location,Scooter Id ,Charge in Km,Bonus zone,No parking zone,Discount,Service fee,date,time
hallstadt,6369.0,33.0,No,No,0.0,Yes,01/04/2025,9:00:00 AM
hallstadt,6935.0,35.0,No,No,0.0,Yes,01/04/2025,9:00:00 AM
hallstadt,7810.0,35.0,No,No,0.0,Yes,01/04/2025,9:00:00 AM
hallstadt,7136.0,16.0,No,No,0.0,Yes,01/04/2025,9:00:00 AM
hallstadt,6778.0,34.0,No,No,0.0,Yes,01/04/2025,9:00:00 AM
hallstadt,7287.0,35.0,No,No,-20.0,Yes,01/04/2025,9:00:00 AM
hallstadt,7623.0,35.0,No,No,0.0,Yes,01/04/2025,9:00:00 AM
hallstadt,6951.0,32.0,No,No,-20.0,Yes,01/04/2025,9:00:00 AM
hallstadt,7400.0,35.0,No,No,-20.0,Yes,01/04/2025,9:00:00 AM
hallstadt,6490.0,31.0,No,No,0.0,Yes,01/04/2025,9:00:00 AM
hallstadt,6470.0,35.0,No,No,0.0,Yes,01/04/2025,9:00:00 AM
hallstadt,10033.0,22.0,No,Yes,0.0,No,01/04/2025,9:00:00 AM
hallstadt,7793.0,34.0,No,No,0.0,Yes,01/04/2025,9:00:00 AM
hallstadt,7183.0,34.0,No,No,0.0,Yes,01/04/2025,9:00:00 AM
Gutenbergstraße,7739.0,22.0,No,No,0.0,Yes,01/04/2025,9:00:00 AM
Gutenbergstraße,6624.0,29.0,No,No,0.0,Yes,01/04/2025,9:00:00 AM
Gutenbergstraße,7459.0,26.0,No,No,0.0,Yes,01/04/2025,9:00:00 AM
Gutenbergstraße,6449.0,35.0,No,No,0.0,Yes,01/04/2025,9:00:00 AM
Gutenbergstraße,8705.0,35.0,No,No,0.0,Yes,01/04/2025,9:00:00 AM
Gutenbergstraße,10022.0,26.0,No,No,0.0,Yes,01/04/2025,9:00:00 AM
Gutenbergstraße,6836.0,27.0,No,No,0.0,Yes,01/04/2025,9:00:00 AM
An d. Spinnerei,,,No,No,0.0,Yes,01/04/2025,9:00:00 AM
Feldkirchenstraße,7786.0,29.0,No,No,0.0,Yes,01/04/2025,9:00:00 AM
Zob,10159.0,32.0,No,No,0.0,Yes,01/04/2025,9:00:00 AM
Zob,6518.0,22.0,No,No,0.0,Yes,01/04/2025,9:00:00 AM
Zob,10100.0,27.0,No,No,0.0,Yes,01/04/2025,9:00:00 AM
Zob,10637.0,31.0,No,No,0.0,Yes,01/04/2025,9:00:00 AM
Zob,6802.0,27.0,No,No,0.0,Yes,01/04/2025,9:00:00 AM
Zob,7331.0,32.0,No,No,0.0,Yes,01/04/2025,9:00:00 AM
Zob,7435.0,31.0,No,No,0.0,Yes,01/04/2025,9:00:00 AM
Zob,10122.0,23.0,No,No,0.0,Yes,01/04/2025,9:00:00 AM
Zob,8719.0,35.0,No,No,0.0,Yes,01/04/2025,9:00:00 AM
Zob,7660.0,26.0,No,No,0.0,Yes,01/04/2025,9:00:00 AM
Zob,7024.0,22.0,No,No,0.0,Yes,01/04/2025,9:00:00 AM
Zob,1011.0,28.0,No,No,0.0,Yes,01/04/2025,9:00:00 AM
hallstadt,6369.0,33.0,No,No,0.0,Yes,01/04/2025,1:00:00 PM
hallstadt,6935.0,35.0,No,No,0.0,Yes,01/04/2025,1:00:00 PM
hallstadt,7810.0,35.0,No,No,0.0,Yes,01/04/2025,1:00:00 PM
hallstadt,7136.0,16.0,No,No,0.0,Yes,01/04/2025,1:00:00 PM
hallstadt,6778.0,34.0,No,No,0.0,Yes,01/04/2025,1:00:00 PM
hallstadt,10127.0,19.0,No,No,0.0,Yes,01/04/2025,1:00:00 PM
hallstadt,7287.0,35.0,No,No,-20.0,Yes,01/04/2025,1:00:00 PM
hallstadt,7623.0,35.0,No,No,0.0,Yes,01/04/2025,1:00:00 PM
hallstadt,7801.0,19.0,No,No,0.0,Yes,01/04/2025,1:00:00 PM
hallstadt,7400.0,35.0,No,No,-20.0,Yes,01/04/2025,1:00:00 PM
hallstadt,6951.0,32.0,No,No,-20.0,Yes,01/04/2025,1:00:00 PM
hallstadt,6470.0,35.0,No,No,0.0,Yes,01/04/2025,1:00:00 PM
hallstadt,10033.0,22.0,No,No,0.0,Yes,01/04/2025,1:00:00 PM
hallstadt,6490.0,31.0,No,No,0.0,Yes,01/04/2025,1:00:00 PM
hallstadt,7129.0,24.0,No,No,0.0,Yes,01/04/2025,1:00:00 PM
hallstadt,7793.0,34.0,No,No,-20.0,Yes,01/04/2025,1:00:00 PM
hallstadt,7183.0,33.0,No,No,0.0,Yes,01/04/2025,1:00:00 PM
Gutenbergstraße,7739.0,24.0,No,No,0.0,Yes,01/04/2025,1:00:00 PM
Gutenbergstraße,6624.0,29.0,No,No,0.0,Yes,01/04/2025,1:00:00 PM
Gutenbergstraße,10022.0,26.0,No,No,0.0,Yes,01/04/2025,1:00:00 PM
Gutenbergstraße,6449.0,35.0,No,No,0.0,Yes,01/04/2025,1:00:00 PM
Gutenbergstraße,6836.0,27.0,No,No,0.0,Yes,01/04/2025,1:00:00 PM
Gutenbergstraße,8705.0,35.0,No,No,0.0,Yes,01/04/2025,1:00:00 PM
Gutenbergstraße,7459.0,26.0,No,No,0.0,Yes,01/04/2025,1:00:00 PM
An d. Spinnerei,8719.0,31.0,No,No,0.0,Yes,01/04/2025,1:00:00 PM
Feldkirchenstraße,7786.0,29.0,No,No,0.0,Yes,01/04/2025,1:00:00 PM
Zob,7435.0,31.0,No,No,0.0,Yes,01/04/2025,1:00:00 PM
Zob,6802.0,27.0,No,No,0.0,Yes,01/04/2025,1:00:00 PM
Zob,6518.0,22.0,No,No,0.0,Yes,01/04/2025,1:00:00 PM
Zob,10100.0,27.0,No,No,0.0,Yes,01/04/2025,1:00:00 PM
Zob,10159.0,32.0,No,No,0.0,Yes,01/04/2025,1:00:00 PM
Zob,10637.0,34.0,No,No,0.0,Yes,01/04/2025,1:00:00 PM
Zob,10122.0,23.0,No,No,0.0,Yes,01/04/2025,1:00:00 PM
Zob,10111.0,27.0,No,No,0.0,Yes,01/04/2025,1:00:00 PM
Zob,7024.0,22.0,No,No,0.0,Yes,01/04/2025,1:00:00 PM
Zob,7660.0,26.0,No,No,0.0,Yes,01/04/2025,1:00:00 PM
hallstadt,7351.0,18.0,No,No,0.0,Yes,01/04/2025,5:00:00 PM
hallstadt,6935.0,35.0,No,No,0.0,Yes,01/04/2025,5:00:00 PM
hallstadt,7810.0,35.0,No,No,0.0,Yes,01/04/2025,5:00:00 PM
hallstadt,6778.0,34.0,No,No,0.0,Yes,01/04/2025,5:00:00 PM
hallstadt,7287.0,35.0,No,No,0.0,Yes,01/04/2025,5:00:00 PM
hallstadt,7323.0,35.0,No,No,0.0,Yes,01/04/2025,5:00:00 PM
hallstadt,7801.0,21.0,No,No,0.0,Yes,01/04/2025,5:00:00 PM
hallstadt,6951.0,32.0,No,No,-20.0,Yes,01/04/2025,5:00:00 PM
hallstadt,7400.0,35.0,No,No,-20.0,Yes,01/04/2025,5:00:00 PM
hallstadt,6490.0,34.0,No,No,0.0,Yes,01/04/2025,5:00:00 PM
hallstadt,6470.0,35.0,No,No,0.0,Yes,01/04/2025,5:00:00 PM
hallstadt,10033.0,22.0,No,No,0.0,Yes,01/04/2025,5:00:00 PM
hallstadt,7129.0,24.0,No,No,0.0,Yes,01/04/2025,5:00:00 PM
hallstadt,7183.0,33.0,No,No,0.0,Yes,01/04/2025,5:00:00 PM
hallstadt,7793.0,34.0,No,No,-20.0,Yes,01/04/2025,5:00:00 PM
Gutenbergstra,6624.0,29.0,No,No,0.0,Yes,01/04/2025,5:00:00 PM
Gutenbergstra,7739.0,24.0,No,No,0.0,Yes,01/04/2025,5:00:00 PM
Gutenbergstra,7459.0,26.0,No,No,0.0,Yes,01/04/2025,5:00:00 PM
Gutenbergstra,6836.0,27.0,No,No,0.0,Yes,01/04/2025,5:00:00 PM
Gutenbergstra,6449.0,35.0,No,No,0.0,Yes,01/04/2025,5:00:00 PM
Gutenbergstra,10022.0,26.0,No,No,0.0,Yes,01/04/2025,5:00:00 PM
An d. Spinnerei,,,No,No,0.0,Yes,01/04/2025,5:00:00 PM
Feldkirchenstraße,6369.0,16.0,No,No,0.0,Yes,01/04/2025,5:00:00 PM
Zob,10159.0,32.0,No,No,0.0,Yes,01/04/2025,5:00:00 PM
Zob,10637.0,33.0,No,No,0.0,Yes,01/04/2025,5:00:00 PM
Zob,6802.0,27.0,No,No,0.0,Yes,01/04/2025,5:00:00 PM
Zob,6518.0,22.0,No,No,0.0,Yes,01/04/2025,5:00:00 PM
Zob,10100.0,27.0,No,No,0.0,Yes,01/04/2025,5:00:00 PM
Zob,10122.0,23.0,No,No,0.0,Yes,01/04/2025,5:00:00 PM
Zob,10111.0,27.0,No,No,0.0,Yes,01/04/2025,5:00:00 PM
Zob,7024.0,22.0,No,No,0.0,Yes,01/04/2025,5:00:00 PM
Zob,7660.0,26.0,No,No,0.0,Yes,01/04/2025,5:00:00 PM
hallstadt,7351.0,18.0,No,No,0.0,Yes,01/04/2025,9:00:00 PM
hallstadt,6935.0,35.0,No,No,0.0,Yes,01/04/2025,9:00:00 PM
hallstadt,7810.0,35.0,No,No,0.0,Yes,01/04/2025,9:00:00 PM
hallstadt,6778.0,34.0,No,No,0.0,Yes,01/04/2025,9:00:00 PM
hallstadt,7287.0,35.0,No,No,-20.0,Yes,01/04/2025,9:00:00 PM
hallstadt,6490.0,34.0,No,No,0.0,Yes,01/04/2025,9:00:00 PM
hallstadt,10033.0,22.0,No,No,-20.0,Yes,01/04/2025,9:00:00 PM
hallstadt,6470.0,35.0,No,No,0.0,Yes,01/04/2025,9:00:00 PM
hallstadt,7129.0,24.0,No,No,0.0,Yes,01/04/2025,9:00:00 PM
hallstadt,7801.0,20.0,No,No,0.0,Yes,01/04/2025,9:00:00 PM
hallstadt,7623.0,35.0,No,No,-20.0,Yes,01/04/2025,9:00:00 PM
hallstadt,7400.0,35.0,No,No,-20.0,Yes,01/04/2025,9:00:00 PM
hallstadt,6951.0,31.0,No,No,-20.0,Yes,01/04/2025,9:00:00 PM
hallstadt,7793.0,34.0,No,No,-20.0,Yes,01/04/2025,9:00:00 PM
Gutenbergstraße,6624.0,29.0,No,No,0.0,Yes,01/04/2025,9:00:00 PM
Gutenbergstraße,7739.0,24.0,No,No,0.0,Yes,01/04/2025,9:00:00 PM
Gutenbergstraße,7459.0,25.0,No,No,0.0,Yes,01/04/2025,9:00:00 PM
Gutenbergstraße,6449.0,35.0,No,No,0.0,Yes,01/04/2025,9:00:00 PM
Gutenbergstraße,6836.0,27.0,No,No,0.0,Yes,01/04/2025,9:00:00 PM
Gutenbergstraße,10022.0,26.0,No,No,0.0,Yes,01/04/2025,9:00:00 PM
An d. Spinnerei,,,No,No,0.0,Yes,01/04/2025,9:00:00 PM
Feldkirchenstraße,9816.0,31.0,No,No,0.0,Yes,01/04/2025,9:00:00 PM
Zob,7645.0,28.0,No,No,0.0,Yes,01/04/2025,9:00:00 PM
Zob,10159.0,32.0,No,No,0.0,Yes,01/04/2025,9:00:00 PM
Zob,7348.0,21.0,No,No,0.0,Yes,01/04/2025,9:00:00 PM
Zob,6802.0,27.0,No,No,0.0,Yes,01/04/2025,9:00:00 PM
Zob,10637.0,33.0,No,No,0.0,Yes,01/04/2025,9:00:00 PM
Zob,10122.0,23.0,No,No,0.0,Yes,01/04/2025,9:00:00 PM
Zob,10111.0,27.0,No,No,0.0,Yes,01/04/2025,9:00:00 PM
Zob,7024.0,22.0,No,No,0.0,Yes,01/04/2025,9:00:00 PM
hallstadt,7315.0,35.0,No,No,0.0,Yes,02/04/2025,9:00:00 AM
hallstadt,7810.0,35.0,No,No,0.0,Yes,02/04/2025,9:00:00 AM
hallstadt,6778.0,35.0,No,No,0.0,Yes,02/04/2025,9:00:00 AM
hallstadt,7287.0,35.0,No,No,-20.0,Yes,02/04/2025,9:00:00 AM
hallstadt,7261.0,13.0,No,No,0.0,Yes,02/04/2025,9:00:00 AM
hallstadt,7801.0,35.0,No,No,0.0,Yes,02/04/2025,9:00:00 AM
hallstadt,7623.0,35.0,No,No,-20.0,Yes,02/04/2025,9:00:00 AM
hallstadt,7400.0,35.0,No,No,-20.0,Yes,02/04/2025,9:00:00 AM
hallstadt,6951.0,31.0,No,No,-20.0,Yes,02/04/2025,9:00:00 AM
hallstadt,7793.0,34.0,No,No,-20.0,Yes,02/04/2025,9:00:00 AM
hallstadt,6490.0,34.0,No,No,0.0,Yes,02/04/2025,9:00:00 AM
hallstadt,10033.0,35.0,No,No,0.0,Yes,02/04/2025,9:00:00 AM
hallstadt,6470.0,35.0,No,No,-20.0,Yes,02/04/2025,9:00:00 AM
hallstadt,7129.0,35.0,No,No,0.0,Yes,02/04/2025,9:00:00 AM
Gutenbergstraße,6624.0,27.0,No,No,0.0,Yes,02/04/2025,9:00:00 AM
Gutenbergstraße,7739.0,35.0,No,No,0.0,Yes,02/04/2025,9:00:00 AM
Gutenbergstraße,7459.0,25.0,No,No,0.0,Yes,02/04/2025,9:00:00 AM
Gutenbergstraße,6449.0,35.0,No,No,0.0,Yes,02/04/2025,9:00:00 AM
Gutenbergstraße,6836.0,27.0,No,No,0.0,Yes,02/04/2025,9:00:00 AM
Gutenbergstraße,10022.0,25.0,No,No,0.0,Yes,02/04/2025,9:00:00 AM
An d. Spinnerei,9892.0,27.0,No,No,0.0,Yes,02/04/2025,9:00:00 AM
Feldkirchenstraße,7435.0,24.0,No,No,0.0,Yes,02/04/2025,9:00:00 AM
Feldkirchenstraße,7546.0,35.0,No,No,0.0,Yes,02/04/2025,9:00:00 AM
Zob,7349.0,29.0,No,No,0.0,Yes,02/04/2025,9:00:00 AM
Zob,7368.0,18.0,No,No,0.0,Yes,02/04/2025,9:00:00 AM
Zob,10637.0,33.0,No,No,0.0,Yes,02/04/2025,9:00:00 AM
Zob,7024.0,35.0,No,No,0.0,Yes,02/04/2025,9:00:00 AM
Zob,10111.0,27.0,No,No,0.0,Yes,02/04/2025,9:00:00 AM
Zob,7660.0,35.0,No,No,0.0,Yes,02/04/2025,9:00:00 AM
hallstadt,7351.0,35.0,No,No,0.0,Yes,02/04/2025,1:00:00 PM
hallstadt,7810.0,35.0,No,No,0.0,Yes,02/04/2025,1:00:00 PM
hallstadt,6778.0,35.0,No,No,0.0,Yes,02/04/2025,1:00:00 PM
hallstadt,7287.0,35.0,No,No,-20.0,Yes,02/04/2025,1:00:00 PM
hallstadt,7775.0,28.0,No,No,0.0,Yes,02/04/2025,1:00:00 PM
hallstadt,7623.0,35.0,No,No,-20.0,Yes,02/04/2025,1:00:00 PM
hallstadt,7801.0,35.0,No,No,0.0,Yes,02/04/2025,1:00:00 PM
hallstadt,6951.0,31.0,No,No,-20.0,Yes,02/04/2025,1:00:00 PM
hallstadt,7400.0,35.0,No,No,-20.0,Yes,02/04/2025,1:00:00 PM
hallstadt,6490.0,34.0,No,No,0.0,Yes,02/04/2025,1:00:00 PM
hallstadt,6470.0,35.0,No,No,-20.0,Yes,02/04/2025,1:00:00 PM
hallstadt,10033.0,35.0,No,No,-20.0,Yes,02/04/2025,1:00:00 PM
hallstadt,7793.0,34.0,No,No,-20.0,Yes,02/04/2025,1:00:00 PM
hallstadt,7129.0,35.0,No,No,0.0,Yes,02/04/2025,1:00:00 PM
hallstadt,10100.0,35.0,No,No,0.0,Yes,02/04/2025,1:00:00 PM
Gutenbergstraße,7739.0,35.0,No,No,0.0,Yes,02/04/2025,1:00:00 PM
Gutenbergstraße,6624.0,27.0,No,No,0.0,Yes,02/04/2025,1:00:00 PM
Gutenbergstraße,6449.0,35.0,No,No,0.0,Yes,02/04/2025,1:00:00 PM
Gutenbergstraße,7459.0,24.0,No,No,0.0,Yes,02/04/2025,1:00:00 PM
Gutenbergstraße,10022.0,25.0,No,No,0.0,Yes,02/04/2025,1:00:00 PM
Gutenbergstraße,6836.0,27.0,No,No,0.0,Yes,02/04/2025,1:00:00 PM
An d. Spinnerei,10132.0,30.0,No,No,0.0,Yes,02/04/2025,1:00:00 PM
Feldkirchenstraße,7435.0,24.0,No,No,0.0,Yes,02/04/2025,1:00:00 PM
Feldkirchenstraße,7546.0,35.0,No,No,0.0,Yes,02/04/2025,1:00:00 PM
Zob,10637.0,33.0,No,No,0.0,Yes,02/04/2025,1:00:00 PM
Zob,8498.0,27.0,No,No,0.0,Yes,02/04/2025,1:00:00 PM
Zob,10111.0,27.0,No,No,0.0,Yes,02/04/2025,1:00:00 PM
Zob,7024.0,35.0,No,No,0.0,Yes,02/04/2025,1:00:00 PM
hallstadt,7531.0,35.0,No,No,0.0,Yes,02/04/2025,5:00:00 PM
hallstadt,6778.0,35.0,No,No,0.0,Yes,02/04/2025,5:00:00 PM
hallstadt,7623.0,35.0,No,No,-20.0,Yes,02/04/2025,5:00:00 PM
hallstadt,7801.0,35.0,No,No,0.0,Yes,02/04/2025,5:00:00 PM
hallstadt,6951.0,30.0,No,No,-20.0,Yes,02/04/2025,5:00:00 PM
hallstadt,7400.0,35.0,No,No,-20.0,Yes,02/04/2025,5:00:00 PM
hallstadt,7775.0,28.0,No,No,0.0,Yes,02/04/2025,5:00:00 PM
hallstadt,6490.0,34.0,No,No,0.0,Yes,02/04/2025,5:00:00 PM
hallstadt,6470.0,35.0,No,No,-20.0,Yes,02/04/2025,5:00:00 PM
hallstadt,10033.0,35.0,No,No,0.0,Yes,02/04/2025,5:00:00 PM
hallstadt,7129.0,35.0,No,No,0.0,Yes,02/04/2025,5:00:00 PM
hallstadt,7793.0,34.0,No,No,0.0,Yes,02/04/2025,5:00:00 PM
hallstadt,10100.0,35.0,No,No,0.0,Yes,02/04/2025,5:00:00 PM
Gutenbergstraße,6624.0,27.0,No,No,0.0,Yes,02/04/2025,5:00:00 PM
Gutenbergstraße,7739.0,35.0,No,No,0.0,Yes,02/04/2025,5:00:00 PM
Gutenbergstraße,7459.0,24.0,No,No,0.0,Yes,02/04/2025,5:00:00 PM
Gutenbergstraße,6836.0,27.0,No,No,0.0,Yes,02/04/2025,5:00:00 PM
Gutenbergstraße,10022.0,25.0,No,No,0.0,Yes,02/04/2025,5:00:00 PM
Gutenbergstraße,6449.0,35.0,No,No,0.0,Yes,02/04/2025,5:00:00 PM
An d. Spinnerei,,,No,No,0.0,Yes,02/04/2025,5:00:00 PM
Feldkirchenstraße,7645.0,21.0,No,No,0.0,Yes,02/04/2025,5:00:00 PM
Feldkirchenstraße,7160.0,34.0,No,No,0.0,Yes,02/04/2025,5:00:00 PM
Feldkirchenstraße,6751.0,27.0,No,No,0.0,Yes,02/04/2025,5:00:00 PM
Zob,6807.0,23.0,No,No,0.0,Yes,02/04/2025,5:00:00 PM
Zob,10637.0,33.0,No,No,0.0,Yes,02/04/2025,5:00:00 PM
Zob,8498.0,27.0,No,No,0.0,Yes,02/04/2025,5:00:00 PM
Zob,10111.0,27.0,No,No,0.0,Yes,02/04/2025,5:00:00 PM
Zob,9941.0,22.0,No,No,0.0,Yes,02/04/2025,5:00:00 PM
hallstadt,7351.0,35.0,No,No,0.0,Yes,02/04/2025,9:00:00 PM
hallstadt,6778.0,35.0,No,No,0.0,Yes,02/04/2025,9:00:00 PM
hallstadt,7775.0,28.0,No,No,0.0,Yes,02/04/2025,9:00:00 PM
hallstadt,7801.0,35.0,No,No,0.0,Yes,02/04/2025,9:00:00 PM
hallstadt,7623.0,35.0,No,No,-20.0,Yes,02/04/2025,9:00:00 PM
hallstadt,7400.0,35.0,No,No,-20.0,Yes,02/04/2025,9:00:00 PM
hallstadt,6951.0,30.0,No,No,-20.0,Yes,02/04/2025,9:00:00 PM
hallstadt,6490.0,34.0,No,No,0.0,Yes,02/04/2025,9:00:00 PM
hallstadt,6470.0,35.0,No,No,0.0,Yes,02/04/2025,9:00:00 PM
hallstadt,10033.0,35.0,No,No,-20.0,Yes,02/04/2025,9:00:00 PM
hallstadt,7129.0,35.0,No,No,0.0,Yes,02/04/2025,9:00:00 PM
hallstadt,7793.0,34.0,No,No,0.0,Yes,02/04/2025,9:00:00 PM
hallstadt,10100.0,35.0,No,No,0.0,Yes,02/04/2025,9:00:00 PM
hallstadt,7795.0,29.0,No,No,0.0,Yes,02/04/2025,9:00:00 PM
Gutenbergstraße,6624.0,27.0,No,No,0.0,Yes,02/04/2025,9:00:00 PM
Gutenbergstraße,7739.0,35.0,No,No,0.0,Yes,02/04/2025,9:00:00 PM
Gutenbergstraße,6836.0,27.0,No,No,0.0,Yes,02/04/2025,9:00:00 PM
Gutenbergstraße,6449.0,35.0,No,No,0.0,Yes,02/04/2025,9:00:00 PM
Gutenbergstraße,10022.0,25.0,No,No,0.0,Yes,02/04/2025,9:00:00 PM
Gutenbergstraße,7459.0,24.0,No,No,0.0,Yes,02/04/2025,9:00:00 PM
An d. Spinnerei,6478.0,29.0,No,No,0.0,Yes,02/04/2025,9:00:00 PM
Feldkirchenstraße,7645.0,21.0,No,No,0.0,Yes,02/04/2025,9:00:00 PM
Feldkirchenstraße,6821.0,20.0,No,No,0.0,Yes,02/04/2025,9:00:00 PM
Feldkirchenstraße,7160.0,34.0,No,No,0.0,Yes,02/04/2025,9:00:00 PM
Feldkirchenstraße,6407.0,27.0,No,No,0.0,Yes,02/04/2025,9:00:00 PM
Feldkirchenstraße,6751.0,27.0,No,No,0.0,Yes,02/04/2025,9:00:00 PM
Zob,7796.0,34.0,No,No,0.0,Yes,02/04/2025,9:00:00 PM
Zob,10637.0,33.0,No,No,0.0,Yes,02/04/2025,9:00:00 PM
Zob,8498.0,27.0,No,No,0.0,Yes,02/04/2025,9:00:00 PM
Zob,8831.0,27.0,No,No,0.0,Yes,02/04/2025,9:00:00 PM
Zob,8673.0,25.0,No,No,0.0,Yes,02/04/2025,9:00:00 PM
hallstadt,7623.0,34.0,No,No,-20.0,Yes,03/04/2025,9:00:00 AM
hallstadt,7400.0,34.0,No,No,-20.0,Yes,03/04/2025,9:00:00 AM
hallstadt,7801.0,35.0,No,No,0.0,Yes,03/04/2025,9:00:00 AM
hallstadt,6490.0,34.0,No,No,0.0,Yes,03/04/2025,9:00:00 AM
hallstadt,10033.0,35.0,No,No,0.0,Yes,03/04/2025,9:00:00 AM
hallstadt,6470.0,35.0,No,No,-20.0,Yes,03/04/2025,9:00:00 AM
hallstadt,7129.0,35.0,No,No,0.0,Yes,03/04/2025,9:00:00 AM
hallstadt,10100.0,35.0,No,No,0.0,Yes,03/04/2025,9:00:00 AM
hallstadt,7795.0,29.0,No,No,0.0,Yes,03/04/2025,9:00:00 AM
Gutenbergstraße,7739.0,35.0,No,No,0.0,Yes,03/04/2025,9:00:00 AM
Gutenbergstraße,6624.0,27.0,No,No,0.0,Yes,03/04/2025,9:00:00 AM
Gutenbergstraße,6836.0,27.0,No,No,0.0,Yes,03/04/2025,9:00:00 AM
Gutenbergstraße,6449.0,34.0,No,No,0.0,Yes,03/04/2025,9:00:00 AM
Gutenbergstraße,7459.0,24.0,No,No,0.0,Yes,03/04/2025,9:00:00 AM
Gutenbergstraße,10022.0,24.0,No,No,0.0,Yes,03/04/2025,9:00:00 AM
An d. Spinnerei,,,No,No,0.0,Yes,03/04/2025,9:00:00 AM
Feldkirchenstraße,6821.0,35.0,No,No,0.0,Yes,03/04/2025,9:00:00 AM
Feldkirchenstraße,7160.0,34.0,No,No,0.0,Yes,03/04/2025,9:00:00 AM
Feldkirchenstraße,6407.0,27.0,No,No,0.0,Yes,03/04/2025,9:00:00 AM
Feldkirchenstraße,7535.0,24.0,No,No,0.0,Yes,03/04/2025,9:00:00 AM
Zob,7137.0,31.0,No,No,0.0,Yes,03/04/2025,9:00:00 AM
Zob,8673.0,25.0,No,No,0.0,Yes,03/04/2025,9:00:00 AM
Zob,8831.0,27.0,No,No,0.0,Yes,03/04/2025,9:00:00 AM
Zob,7368.0,12.0,No,No,0.0,Yes,03/04/2025,9:00:00 AM
Zob,8498.0,27.0,No,No,0.0,Yes,03/04/2025,9:00:00 AM
Zob,10637.0,33.0,No,No,0.0,Yes,03/04/2025,9:00:00 AM
Zob,,,No,No,0.0,Yes,03/04/2025,9:00:00 AM
hallstadt,7351.0,35.0,No,No,0.0,Yes,03/04/2025,1:00:00 PM
hallstadt,6778.0,35.0,No,No,0.0,Yes,03/04/2025,1:00:00 PM
hallstadt,7287.0,18.0,No,No,0.0,Yes,03/04/2025,1:00:00 PM
hallstadt,7775.0,28.0,No,No,0.0,Yes,03/04/2025,1:00:00 PM
hallstadt,7623.0,34.0,No,No,-20.0,Yes,03/04/2025,1:00:00 PM
hallstadt,6951.0,29.0,No,No,-20.0,Yes,03/04/2025,1:00:00 PM
hallstadt,7400.0,34.0,No,No,-20.0,Yes,03/04/2025,1:00:00 PM
hallstadt,6490.0,34.0,No,No,0.0,Yes,03/04/2025,1:00:00 PM
hallstadt,10033.0,35.0,No,No,0.0,Yes,03/04/2025,1:00:00 PM
hallstadt,7129.0,35.0,No,No,0.0,Yes,03/04/2025,1:00:00 PM
hallstadt,9817.0,16.0,No,No,0.0,Yes,03/04/2025,1:00:00 PM
hallstadt,7795.0,29.0,No,No,0.0,Yes,03/04/2025,1:00:00 PM
hallstadt,10100.0,35.0,No,No,0.0,Yes,03/04/2025,1:00:00 PM
Gutenbergstraße,7739.0,35.0,No,No,0.0,Yes,03/04/2025,1:00:00 PM
Gutenbergstraße,6624.0,27.0,No,No,0.0,Yes,03/04/2025,1:00:00 PM
Gutenbergstraße,6449.0,34.0,No,No,0.0,Yes,03/04/2025,1:00:00 PM
Gutenbergstraße,10022.0,24.0,No,No,0.0,Yes,03/04/2025,1:00:00 PM
Gutenbergstraße,6836.0,26.0,No,No,0.0,Yes,03/04/2025,1:00:00 PM
Gutenbergstraße,7459.0,24.0,No,No,0.0,Yes,03/04/2025,1:00:00 PM
An d. Spinnerei,,,No,No,0.0,Yes,03/04/2025,1:00:00 PM
Feldkirchenstraße,7160.0,34.0,No,No,0.0,Yes,03/04/2025,1:00:00 PM
Feldkirchenstraße,7440.0,22.0,No,No,0.0,Yes,03/04/2025,1:00:00 PM
Zob,8498.0,27.0,No,No,0.0,Yes,03/04/2025,1:00:00 PM
Zob,10637.0,31.0,No,No,0.0,Yes,03/04/2025,1:00:00 PM
Zob,7796.0,29.0,No,No,0.0,Yes,03/04/2025,1:00:00 PM
Zob,6842.0,31.0,No,No,0.0,Yes,03/04/2025,1:00:00 PM
Zob,7368.0,12.0,No,No,0.0,Yes,03/04/2025,1:00:00 PM
Zob,8831.0,27.0,No,No,0.0,Yes,03/04/2025,1:00:00 PM
Zob,7753.0,21.0,No,No,0.0,Yes,03/04/2025,1:00:00 PM
Zob,7450.0,27.0,No,No,0.0,Yes,03/04/2025,1:00:00 PM
Zob,8673.0,25.0,No,No,0.0,Yes,03/04/2025,1:00:00 PM
Zob,7458.0,34.0,No,No,0.0,Yes,03/04/2025,1:00:00 PM
hallstadt,6778.0,34.0,No,No,0.0,Yes,03/04/2025,5:00:00 PM
hallstadt,7775.0,28.0,No,No,0.0,Yes,03/04/2025,5:00:00 PM
hallstadt,7623.0,34.0,No,No,-20.0,Yes,03/04/2025,5:00:00 PM
hallstadt,7400.0,34.0,No,No,-20.0,Yes,03/04/2025,5:00:00 PM
hallstadt,6951.0,29.0,No,No,-20.0,Yes,03/04/2025,5:00:00 PM
hallstadt,6490.0,34.0,No,No,0.0,Yes,03/04/2025,5:00:00 PM
hallstadt,7129.0,35.0,No,No,0.0,Yes,03/04/2025,5:00:00 PM
hallstadt,7232.0,23.0,No,No,0.0,Yes,03/04/2025,5:00:00 PM
hallstadt,7795.0,29.0,No,No,0.0,Yes,03/04/2025,5:00:00 PM
hallstadt,10100.0,35.0,No,No,0.0,Yes,03/04/2025,5:00:00 PM
hallstadt,6826.0,23.0,No,No,0.0,Yes,03/04/2025,5:00:00 PM
Gutenbergstraße,7739.0,35.0,No,No,0.0,Yes,03/04/2025,5:00:00 PM
Gutenbergstraße,6624.0,27.0,No,No,0.0,Yes,03/04/2025,5:00:00 PM
Gutenbergstraße,10022.0,24.0,No,No,0.0,Yes,03/04/2025,5:00:00 PM
Gutenbergstraße,6449.0,34.0,No,No,0.0,Yes,03/04/2025,5:00:00 PM
Gutenbergstraße,6836.0,26.0,No,No,0.0,Yes,03/04/2025,5:00:00 PM
Gutenbergstraße,7459.0,24.0,No,No,0.0,Yes,03/04/2025,5:00:00 PM
An d. Spinnerei,7348.0,35.0,No,No,0.0,Yes,03/04/2025,5:00:00 PM
Feldkirchenstraße,7160.0,34.0,No,No,0.0,Yes,03/04/2025,5:00:00 PM
Feldkirchenstraße,7440.0,22.0,No,No,0.0,Yes,03/04/2025,5:00:00 PM
Feldkirchenstraße,7720.0,29.0,No,No,0.0,Yes,03/04/2025,5:00:00 PM
Zob,6842.0,31.0,No,No,0.0,Yes,03/04/2025,5:00:00 PM
Zob,8673.0,25.0,No,No,0.0,Yes,03/04/2025,5:00:00 PM
Zob,7753.0,21.0,No,No,0.0,Yes,03/04/2025,5:00:00 PM
Zob,7450.0,27.0,No,No,0.0,Yes,03/04/2025,5:00:00 PM
Zob,8831.0,27.0,No,No,0.0,Yes,03/04/2025,5:00:00 PM
Zob,7368.0,12.0,No,No,0.0,Yes,03/04/2025,5:00:00 PM
Zob,8498.0,27.0,No,No,0.0,Yes,03/04/2025,5:00:00 PM
Zob,10637.0,31.0,No,No,0.0,Yes,03/04/2025,5:00:00 PM
hallstadt,7623.0,34.0,No,No,0.0,Yes,03/04/2025,9:00:00 PM
hallstadt,7775.0,28.0,No,No,0.0,Yes,03/04/2025,9:00:00 PM
hallstadt,6951.0,29.0,No,No,-20.0,Yes,03/04/2025,9:00:00 PM
hallstadt,7400.0,34.0,No,No,-20.0,Yes,03/04/2025,9:00:00 PM
hallstadt,6490.0,34.0,No,No,0.0,Yes,03/04/2025,9:00:00 PM
hallstadt,7129.0,35.0,No,No,0.0,Yes,03/04/2025,9:00:00 PM
hallstadt,6826.0,23.0,No,No,0.0,Yes,03/04/2025,9:00:00 PM
hallstadt,7795.0,29.0,No,No,0.0,Yes,03/04/2025,9:00:00 PM
hallstadt,7232.0,23.0,No,No,0.0,Yes,03/04/2025,9:00:00 PM
Gutenbergstraße,6624.0,27.0,No,No,0.0,Yes,03/04/2025,9:00:00 PM
Gutenbergstraße,7739.0,35.0,No,No,0.0,Yes,03/04/2025,9:00:00 PM
Gutenbergstraße,7459.0,24.0,No,No,0.0,Yes,03/04/2025,9:00:00 PM
Gutenbergstraße,6836.0,26.0,No,No,0.0,Yes,03/04/2025,9:00:00 PM
Gutenbergstraße,6449.0,34.0,No,No,0.0,Yes,03/04/2025,9:00:00 PM
Gutenbergstraße,10022.0,23.0,No,No,0.0,Yes,03/04/2025,9:00:00 PM
An d. Spinnerei,7287.0,12.0,No,No,0.0,Yes,03/04/2025,9:00:00 PM
Feldkirchenstraße,7160.0,34.0,No,No,0.0,Yes,03/04/2025,9:00:00 PM
Feldkirchenstraße,7440.0,22.0,No,No,0.0,Yes,03/04/2025,9:00:00 PM
Feldkirchenstraße,7720.0,29.0,No,No,0.0,Yes,03/04/2025,9:00:00 PM
Zob,8498.0,27.0,No,No,0.0,Yes,03/04/2025,9:00:00 PM
Zob,10637.0,31.0,No,No,0.0,Yes,03/04/2025,9:00:00 PM
Zob,6842.0,31.0,No,No,0.0,Yes,03/04/2025,9:00:00 PM
Zob,7368.0,12.0,No,No,0.0,Yes,03/04/2025,9:00:00 PM
Zob,8831.0,27.0,No,No,0.0,Yes,03/04/2025,9:00:00 PM
Zob,7450.0,27.0,No,No,0.0,Yes,03/04/2025,9:00:00 PM
Zob,7753.0,21.0,No,No,0.0,Yes,03/04/2025,9:00:00 PM
Zob,8673.0,25.0,No,No,0.0,Yes,03/04/2025,9:00:00 PM
hallstadt,6735.0,15.0,No,No,0.0,Yes,04/04/2025,9:00:00 AM
hallstadt,6991.0,11.0,No,No,0.0,Yes,04/04/2025,9:00:00 AM
hallstadt,7775.0,30.0,No,No,0.0,Yes,04/04/2025,9:00:00 AM
hallstadt,7623.0,34.0,No,No,0.0,Yes,04/04/2025,9:00:00 AM
hallstadt,6945.0,15.0,No,No,0.0,Yes,04/04/2025,9:00:00 AM
hallstadt,6826.0,25.0,No,No,0.0,Yes,04/04/2025,9:00:00 AM
hallstadt,7795.0,29.0,No,No,0.0,Yes,04/04/2025,9:00:00 AM
hallstadt,7453.0,33.0,No,No,0.0,Yes,04/04/2025,9:00:00 AM
hallstadt,7447.0,33.0,No,No,0.0,Yes,04/04/2025,9:00:00 AM
hallstadt,7232.0,23.0,No,No,0.0,Yes,04/04/2025,9:00:00 AM
hallstadt,,,No,No,0.0,Yes,04/04/2025,9:00:00 AM
Gutenbergstraße,6624.0,26.0,No,No,0.0,Yes,04/04/2025,9:00:00 AM
Gutenbergstraße,7739.0,35.0,No,No,0.0,Yes,04/04/2025,9:00:00 AM
Gutenbergstraße,7730.0,29.0,No,No,0.0,Yes,04/04/2025,9:00:00 AM
Gutenbergstraße,7111.0,35.0,No,No,0.0,Yes,04/04/2025,9:00:00 AM
Gutenbergstraße,7459.0,23.0,No,No,0.0,Yes,04/04/2025,9:00:00 AM
Gutenbergstraße,7166.0,32.0,No,No,0.0,Yes,04/04/2025,9:00:00 AM
Gutenbergstraße,6836.0,26.0,No,No,0.0,Yes,04/04/2025,9:00:00 AM
Gutenbergstraße,6449.0,34.0,No,No,0.0,Yes,04/04/2025,9:00:00 AM
Gutenbergstraße,10022.0,22.0,No,No,0.0,Yes,04/04/2025,9:00:00 AM
Gutenbergstraße,7371.0,26.0,No,No,0.0,Yes,04/04/2025,9:00:00 AM
Gutenbergstraße,7770.0,32.0,No,No,0.0,Yes,04/04/2025,9:00:00 AM
Gutenbergstraße,7132.0,34.0,No,No,0.0,Yes,04/04/2025,9:00:00 AM
Gutenbergstraße,7166.0,32.0,No,No,0.0,Yes,04/04/2025,9:00:00 AM
Gutenbergstraße,7261.0,35.0,No,No,0.0,Yes,04/04/2025,9:00:00 AM
Gutenbergstraße,7331.0,26.0,No,No,0.0,Yes,04/04/2025,9:00:00 AM
An d. Spinnerei,6426.0,12.0,No,No,0.0,Yes,04/04/2025,9:00:00 AM
An d. Spinnerei,8696.0,17.0,No,No,0.0,Yes,04/04/2025,9:00:00 AM
Feldkirchenstraße,7160.0,34.0,No,No,0.0,Yes,04/04/2025,9:00:00 AM
Feldkirchenstraße,7440.0,22.0,No,No,0.0,Yes,04/04/2025,9:00:00 AM
Feldkirchenstraße,7720.0,29.0,No,No,0.0,Yes,04/04/2025,9:00:00 AM
Feldkirchenstraße,10072.0,26.0,No,No,0.0,Yes,04/04/2025,9:00:00 AM
Zob,7430.0,20.0,No,No,0.0,Yes,04/04/2025,9:00:00 AM
Zob,10637.0,31.0,No,No,0.0,Yes,04/04/2025,9:00:00 AM
Zob,7287.0,15.0,No,No,0.0,Yes,04/04/2025,9:00:00 AM
Zob,7368.0,12.0,No,No,0.0,Yes,04/04/2025,9:00:00 AM
Zob,7450.0,30.0,No,No,0.0,Yes,04/04/2025,9:00:00 AM
Zob,8673.0,25.0,No,No,0.0,Yes,04/04/2025,9:00:00 AM
Zob,,,No,No,0.0,Yes,04/04/2025,9:00:00 AM
Zob,,,No,No,0.0,Yes,04/04/2025,9:00:00 AM
Zob,,,No,No,0.0,Yes,04/04/2025,9:00:00 AM
hallstadt,6735.0,15.0,No,No,0.0,Yes,04/04/2025,1:00:00 PM
hallstadt,7775.0,30.0,No,No,0.0,Yes,04/04/2025,1:00:00 PM
hallstadt,6991.0,11.0,No,No,0.0,Yes,04/04/2025,1:00:00 PM
hallstadt,6945.0,15.0,No,No,0.0,Yes,04/04/2025,1:00:00 PM
hallstadt,6826.0,25.0,No,No,0.0,Yes,04/04/2025,1:00:00 PM
hallstadt,7795.0,29.0,No,No,0.0,Yes,04/04/2025,1:00:00 PM
hallstadt,7232.0,23.0,No,No,0.0,Yes,04/04/2025,1:00:00 PM
hallstadt,,,No,No,0.0,Yes,04/04/2025,1:00:00 PM
Gutenbergstraße,6624.0,24.0,No,No,0.0,Yes,04/04/2025,1:00:00 PM
Gutenbergstraße,7739.0,35.0,No,No,0.0,Yes,04/04/2025,1:00:00 PM
Gutenbergstraße,7331.0,26.0,No,No,0.0,Yes,04/04/2025,1:00:00 PM
Gutenbergstraße,7261.0,35.0,No,No,0.0,Yes,04/04/2025,1:00:00 PM
Gutenbergstraße,7132.0,34.0,No,No,0.0,Yes,04/04/2025,1:00:00 PM
Gutenbergstraße,7166.0,32.0,No,No,0.0,Yes,04/04/2025,1:00:00 PM
Gutenbergstraße,7111.0,35.0,No,No,0.0,Yes,04/04/2025,1:00:00 PM
Gutenbergstraße,7770.0,32.0,No,No,0.0,Yes,04/04/2025,1:00:00 PM
Gutenbergstraße,6449.0,34.0,No,No,0.0,Yes,04/04/2025,1:00:00 PM
Gutenbergstraße,10022.0,22.0,No,No,0.0,Yes,04/04/2025,1:00:00 PM
Gutenbergstraße,6836.0,26.0,No,No,0.0,Yes,04/04/2025,1:00:00 PM
Gutenbergstraße,10022.0,22.0,No,No,0.0,Yes,04/04/2025,1:00:00 PM
Gutenbergstraße,7730.0,29.0,No,No,0.0,Yes,04/04/2025,1:00:00 PM
Gutenbergstraße,7459.0,23.0,No,No,0.0,Yes,04/04/2025,1:00:00 PM
An d. Spinnerei,6426.0,12.0,No,No,0.0,Yes,04/04/2025,1:00:00 PM
An d. Spinnerei,10159.0,16.0,No,No,0.0,Yes,04/04/2025,1:00:00 PM
Feldkirchenstraße,7440.0,22.0,No,No,0.0,Yes,04/04/2025,1:00:00 PM
Zob,7403.0,20.0,No,No,0.0,Yes,04/04/2025,1:00:00 PM
Zob,10637.0,30.0,No,No,0.0,Yes,04/04/2025,1:00:00 PM
Zob,7278.0,15.0,No,No,0.0,Yes,04/04/2025,1:00:00 PM
Zob,8673.0,25.0,No,No,0.0,Yes,04/04/2025,1:00:00 PM
Zob,7450.0,30.0,No,No,0.0,Yes,04/04/2025,1:00:00 PM
Zob,7368.0,12.0,No,No,0.0,Yes,04/04/2025,1:00:00 PM
hallstadt,7775.0,29.0,No,No,0.0,Yes,04/04/2025,5:00:00 PM
hallstadt,6991.0,11.0,No,No,0.0,Yes,04/04/2025,5:00:00 PM
hallstadt,6826.0,25.0,No,No,0.0,Yes,04/04/2025,5:00:00 PM
hallstadt,6945.0,15.0,No,No,0.0,Yes,04/04/2025,5:00:00 PM
hallstadt,8653.0,29.0,No,No,0.0,Yes,04/04/2025,5:00:00 PM
hallstadt,7795.0,29.0,No,No,0.0,Yes,04/04/2025,5:00:00 PM
hallstadt,7232.0,23.0,No,No,0.0,Yes,04/04/2025,5:00:00 PM
Gutenbergstraße,6624.0,26.0,No,No,0.0,Yes,04/04/2025,5:00:00 PM
Gutenbergstraße,7739.0,35.0,No,No,0.0,Yes,04/04/2025,5:00:00 PM
Gutenbergstraße,7111.0,35.0,No,No,0.0,Yes,04/04/2025,5:00:00 PM
Gutenbergstraße,7166.0,32.0,No,No,0.0,Yes,04/04/2025,5:00:00 PM
Gutenbergstraße,7261.0,35.0,No,No,0.0,Yes,04/04/2025,5:00:00 PM
Gutenbergstraße,7331.0,26.0,No,No,0.0,Yes,04/04/2025,5:00:00 PM
Gutenbergstraße,7132.0,34.0,No,No,0.0,Yes,04/04/2025,5:00:00 PM
Gutenbergstraße,7371.0,26.0,No,No,0.0,Yes,04/04/2025,5:00:00 PM
Gutenbergstraße,7770.0,32.0,No,No,0.0,Yes,04/04/2025,5:00:00 PM
Gutenbergstraße,6449.0,34.0,No,No,0.0,Yes,04/04/2025,5:00:00 PM
Gutenbergstraße,7730.0,29.0,No,No,0.0,Yes,04/04/2025,5:00:00 PM
Gutenbergstraße,7459.0,23.0,No,No,0.0,Yes,04/04/2025,5:00:00 PM
Gutenbergstraße,10022.0,22.0,No,No,0.0,Yes,04/04/2025,5:00:00 PM
An d. Spinnerei,8696.0,13.0,No,No,0.0,Yes,04/04/2025,5:00:00 PM
Feldkirchenstraße,7440.0,22.0,No,No,0.0,Yes,04/04/2025,5:00:00 PM
Zob,6842.0,26.0,No,No,0.0,Yes,04/04/2025,5:00:00 PM
Zob,6406.0,30.0,No,No,0.0,Yes,04/04/2025,5:00:00 PM
Zob,7368.0,11.0,No,No,0.0,Yes,04/04/2025,5:00:00 PM
hallstadt,7623.0,34.0,No,No,0.0,Yes,04/04/2025,9:00:00 PM
hallstadt,7775.0,28.0,No,No,0.0,Yes,04/04/2025,9:00:00 PM
hallstadt,6951.0,29.0,No,No,-20.0,Yes,04/04/2025,9:00:00 PM
hallstadt,7129.0,35.0,No,No,0.0,Yes,04/04/2025,9:00:00 PM
hallstadt,6826.0,23.0,No,No,0.0,Yes,04/04/2025,9:00:00 PM
hallstadt,7795.0,29.0,No,No,0.0,Yes,04/04/2025,9:00:00 PM
hallstadt,7232.0,23.0,No,No,0.0,Yes,04/04/2025,9:00:00 PM
Gutenbergstraße,7739.0,35.0,No,No,0.0,Yes,04/04/2025,9:00:00 PM
Gutenbergstraße,7459.0,24.0,No,No,0.0,Yes,04/04/2025,9:00:00 PM
Gutenbergstraße,6836.0,26.0,No,No,0.0,Yes,04/04/2025,9:00:00 PM
Gutenbergstraße,6449.0,34.0,No,No,0.0,Yes,04/04/2025,9:00:00 PM
Gutenbergstraße,10022.0,23.0,No,No,0.0,Yes,04/04/2025,9:00:00 PM
An d. Spinnerei,,,No,No,0.0,Yes,04/04/2025,9:00:00 PM
Feldkirchenstraße,7160.0,34.0,No,No,0.0,Yes,04/04/2025,9:00:00 PM
Zob,8498.0,27.0,No,No,0.0,Yes,04/04/2025,9:00:00 PM
Zob,10637.0,31.0,No,No,0.0,Yes,04/04/2025,9:00:00 PM
Zob,8831.0,27.0,No,No,0.0,Yes,04/04/2025,9:00:00 PM
Zob,7450.0,27.0,No,No,0.0,Yes,04/04/2025,9:00:00 PM
Zob,7753.0,21.0,No,No,0.0,Yes,04/04/2025,9:00:00 PM
Zob,8673.0,25.0,No,No,0.0,Yes,04/04/2025,9:00:00 PM
hallstadt,7775.0,29.0,No,No,0.0,Yes,05/04/2025,9:00:00 AM
hallstadt,6991.0,11.0,No,No,0.0,Yes,05/04/2025,9:00:00 AM
hallstadt,6945.0,18.0,No,No,0.0,Yes,05/04/2025,9:00:00 AM
hallstadt,6826.0,24.0,No,No,0.0,Yes,05/04/2025,9:00:00 AM
hallstadt,6723.0,30.0,No,No,0.0,Yes,05/04/2025,9:00:00 AM
hallstadt,8653.0,32.0,No,No,0.0,Yes,05/04/2025,9:00:00 AM
hallstadt,7795.0,29.0,No,No,0.0,Yes,05/04/2025,9:00:00 AM
hallstadt,7440.0,14.0,No,No,0.0,Yes,05/04/2025,9:00:00 AM
hallstadt,10033.0,34.0,No,No,0.0,Yes,05/04/2025,9:00:00 AM
hallstadt,6937.0,35.0,No,No,0.0,Yes,05/04/2025,9:00:00 AM
hallstadt,6806.0,34.0,No,No,0.0,Yes,05/04/2025,9:00:00 AM
Gutenbergstraße,6624.0,26.0,No,No,0.0,Yes,05/04/2025,9:00:00 AM
Gutenbergstraße,7739.0,35.0,No,No,0.0,Yes,05/04/2025,9:00:00 AM
Gutenbergstraße,7111.0,35.0,No,No,0.0,Yes,05/04/2025,9:00:00 AM
Gutenbergstraße,7166.0,33.0,No,No,0.0,Yes,05/04/2025,9:00:00 AM
Gutenbergstraße,7261.0,34.0,No,No,0.0,Yes,05/04/2025,9:00:00 AM
Gutenbergstraße,7331.0,27.0,No,No,0.0,Yes,05/04/2025,9:00:00 AM
Gutenbergstraße,7132.0,34.0,No,No,0.0,Yes,05/04/2025,9:00:00 AM
Gutenbergstraße,7371.0,26.0,No,No,0.0,Yes,05/04/2025,9:00:00 AM
Gutenbergstraße,6449.0,34.0,No,No,0.0,Yes,05/04/2025,9:00:00 AM
Gutenbergstraße,7730.0,29.0,No,No,0.0,Yes,05/04/2025,9:00:00 AM
Gutenbergstraße,7459.0,35.0,No,No,0.0,Yes,05/04/2025,9:00:00 AM
Gutenbergstraße,6836.0,25.0,No,No,0.0,Yes,05/04/2025,9:00:00 AM
An d. Spinnerei,10159.0,34.0,No,No,0.0,Yes,05/04/2025,9:00:00 AM
An d. Spinnerei,7028.0,34.0,No,No,0.0,Yes,05/04/2025,9:00:00 AM
Feldkirchenstraße,10150.0,21.0,No,No,0.0,Yes,05/04/2025,9:00:00 AM
Zob,6833.0,35.0,No,No,0.0,Yes,05/04/2025,9:00:00 AM
Zob,6375.0,35.0,No,No,0.0,Yes,05/04/2025,9:00:00 AM
Zob,7391.0,27.0,No,No,0.0,Yes,05/04/2025,9:00:00 AM
hallstadt,7697.0,23.0,No,No,0.0,Yes,05/04/2025,1:00:00 PM
hallstadt,7808.0,18.0,No,No,0.0,Yes,05/04/2025,1:00:00 PM
hallstadt,7183.0,33.0,No,No,0.0,Yes,05/04/2025,1:00:00 PM
hallstadt,7775.0,28.0,No,No,-20.0,Yes,05/04/2025,1:00:00 PM
hallstadt,7793.0,10.0,No,No,0.0,Yes,05/04/2025,1:00:00 PM
hallstadt,6991.0,14.0,No,No,0.0,Yes,05/04/2025,1:00:00 PM
hallstadt,6723.0,13.0,No,No,0.0,Yes,05/04/2025,1:00:00 PM
hallstadt,6826.0,24.0,No,No,0.0,Yes,05/04/2025,1:00:00 PM
hallstadt,6945.0,18.0,No,No,0.0,Yes,05/04/2025,1:00:00 PM
hallstadt,8653.0,31.0,No,No,0.0,Yes,05/04/2025,1:00:00 PM
hallstadt,6332.0,32.0,No,No,0.0,Yes,05/04/2025,1:00:00 PM
Gutenbergstraße,7739.0,35.0,No,No,0.0,Yes,05/04/2025,1:00:00 PM
Gutenbergstraße,6624.0,26.0,No,No,0.0,Yes,05/04/2025,1:00:00 PM
Gutenbergstraße,7111.0,35.0,No,No,0.0,Yes,05/04/2025,1:00:00 PM
Gutenbergstraße,7166.0,33.0,No,No,0.0,Yes,05/04/2025,1:00:00 PM
Gutenbergstraße,7261.0,35.0,No,No,0.0,Yes,05/04/2025,1:00:00 PM
Gutenbergstraße,7331.0,27.0,No,No,0.0,Yes,05/04/2025,1:00:00 PM
Gutenbergstraße,7132.0,34.0,No,No,0.0,Yes,05/04/2025,1:00:00 PM
Gutenbergstraße,7371.0,25.0,No,No,0.0,Yes,05/04/2025,1:00:00 PM
Gutenbergstraße,6449.0,34.0,No,No,0.0,Yes,05/04/2025,1:00:00 PM
Gutenbergstraße,7459.0,35.0,No,No,0.0,Yes,05/04/2025,1:00:00 PM
Gutenbergstraße,6836.0,25.0,No,No,0.0,Yes,05/04/2025,1:00:00 PM
Gutenbergstraße,7459.0,35.0,No,No,0.0,Yes,05/04/2025,1:00:00 PM
Gutenbergstraße,7730.0,29.0,No,No,0.0,Yes,05/04/2025,1:00:00 PM
An d. Spinnerei,6951.0,33.0,No,No,0.0,Yes,05/04/2025,1:00:00 PM
Feldkirchenstraße,,,No,No,0.0,Yes,05/04/2025,1:00:00 PM
Zob,10110.0,31.0,No,No,0.0,Yes,05/04/2025,1:00:00 PM
Zob,7660.0,28.0,No,No,0.0,Yes,05/04/2025,1:00:00 PM
Zob,8831.0,34.0,No,No,0.0,Yes,05/04/2025,1:00:00 PM
hallstadt,10602.0,33.0,No,No,0.0,Yes,05/04/2025,5:00:00 PM
hallstadt,7697.0,23.0,No,No,0.0,Yes,05/04/2025,5:00:00 PM
hallstadt,7775.0,28.0,No,No,-20.0,Yes,05/04/2025,5:00:00 PM
hallstadt,6991.0,14.0,No,No,0.0,Yes,05/04/2025,5:00:00 PM
hallstadt,7421.0,10.0,No,No,0.0,Yes,05/04/2025,5:00:00 PM
hallstadt,7793.0,10.0,No,No,0.0,Yes,05/04/2025,5:00:00 PM
hallstadt,6945.0,18.0,No,No,0.0,Yes,05/04/2025,5:00:00 PM
hallstadt,6723.0,13.0,No,No,0.0,Yes,05/04/2025,5:00:00 PM
hallstadt,6826.0,24.0,No,No,0.0,Yes,05/04/2025,5:00:00 PM
hallstadt,8653.0,31.0,No,No,0.0,Yes,05/04/2025,5:00:00 PM
hallstadt,6332.0,34.0,No,No,0.0,Yes,05/04/2025,5:00:00 PM
Gutenbergstraße,7739.0,35.0,No,No,0.0,Yes,05/04/2025,5:00:00 PM
Gutenbergstraße,6624.0,26.0,No,No,0.0,Yes,05/04/2025,5:00:00 PM
Gutenbergstraße,7111.0,35.0,No,No,0.0,Yes,05/04/2025,5:00:00 PM
Gutenbergstraße,7331.0,27.0,No,No,0.0,Yes,05/04/2025,5:00:00 PM
Gutenbergstraße,7132.0,34.0,No,No,0.0,Yes,05/04/2025,5:00:00 PM
Gutenbergstraße,7166.0,33.0,No,No,0.0,Yes,05/04/2025,5:00:00 PM
Gutenbergstraße,7261.0,35.0,No,No,0.0,Yes,05/04/2025,5:00:00 PM
Gutenbergstraße,7371.0,25.0,No,No,0.0,Yes,05/04/2025,5:00:00 PM
Gutenbergstraße,10022.0,21.0,No,No,0.0,Yes,05/04/2025,5:00:00 PM
Gutenbergstraße,6836.0,25.0,No,No,0.0,Yes,05/04/2025,5:00:00 PM
Gutenbergstraße,7459.0,35.0,No,No,0.0,Yes,05/04/2025,5:00:00 PM
Gutenbergstraße,7730.0,29.0,No,No,0.0,Yes,05/04/2025,5:00:00 PM
An d. Spinnerei,,,No,No,0.0,Yes,05/04/2025,5:00:00 PM
Feldkirchenstraße,,,No,No,0.0,Yes,05/04/2025,5:00:00 PM
Zob,7028.0,31.0,No,No,0.0,Yes,05/04/2025,5:00:00 PM
hallstadt,7775.0,28.0,No,No,-20.0,Yes,05/04/2025,9:00:00 PM
hallstadt,6991.0,14.0,No,No,0.0,Yes,05/04/2025,9:00:00 PM
hallstadt,7421.0,10.0,No,No,0.0,Yes,05/04/2025,9:00:00 PM
hallstadt,7793.0,10.0,No,No,0.0,Yes,05/04/2025,9:00:00 PM
hallstadt,6723.0,13.0,No,No,0.0,Yes,05/04/2025,9:00:00 PM
hallstadt,6826.0,24.0,No,No,0.0,Yes,05/04/2025,9:00:00 PM
hallstadt,6945.0,18.0,No,No,0.0,Yes,05/04/2025,9:00:00 PM
hallstadt,6332.0,34.0,No,No,0.0,Yes,05/04/2025,9:00:00 PM
Gutenbergstraße,6624.0,25.0,No,No,0.0,Yes,05/04/2025,9:00:00 PM
Gutenbergstraße,7739.0,35.0,No,No,0.0,Yes,05/04/2025,9:00:00 PM
Gutenbergstraße,7111.0,35.0,No,No,0.0,Yes,05/04/2025,9:00:00 PM
Gutenbergstraße,7331.0,27.0,No,No,0.0,Yes,05/04/2025,9:00:00 PM
Gutenbergstraße,7132.0,34.0,No,No,0.0,Yes,05/04/2025,9:00:00 PM
Gutenbergstraße,7166.0,33.0,No,No,0.0,Yes,05/04/2025,9:00:00 PM
Gutenbergstraße,7261.0,35.0,No,No,0.0,Yes,05/04/2025,9:00:00 PM
Gutenbergstraße,7371.0,25.0,No,No,0.0,Yes,05/04/2025,9:00:00 PM
Gutenbergstraße,10022.0,21.0,No,No,0.0,Yes,05/04/2025,9:00:00 PM
Gutenbergstraße,7459.0,35.0,No,No,0.0,Yes,05/04/2025,9:00:00 PM
Gutenbergstraße,6836.0,25.0,No,No,0.0,Yes,05/04/2025,9:00:00 PM
An d. Spinnerei,7730.0,16.0,No,No,0.0,Yes,05/04/2025,9:00:00 PM
Feldkirchenstraße,6880.0,20.0,No,No,0.0,Yes,05/04/2025,9:00:00 PM
Zob,7594.0,30.0,Yes,No,0.0,No,05/04/2025,9:00:00 PM
Zob,6875.0,14.0,Yes,No,0.0,No,05/04/2025,9:00:00 PM
hallstadt,7775.0,28.0,No,No,-20.0,Yes,06/04/2025,9:00:00 AM
hallstadt,6991.0,14.0,No,No,0.0,Yes,06/04/2025,9:00:00 AM
hallstadt,7421.0,10.0,No,No,0.0,Yes,06/04/2025,9:00:00 AM
hallstadt,6945.0,17.0,No,No,0.0,Yes,06/04/2025,9:00:00 AM
hallstadt,6826.0,23.0,No,No,0.0,Yes,06/04/2025,9:00:00 AM
hallstadt,6723.0,13.0,No,No,0.0,Yes,06/04/2025,9:00:00 AM
hallstadt,6332.0,34.0,No,No,0.0,Yes,06/04/2025,9:00:00 AM
Gutenbergstraße,6624.0,25.0,No,No,0.0,Yes,06/04/2025,9:00:00 AM
Gutenbergstraße,7739.0,25.0,No,No,0.0,Yes,06/04/2025,9:00:00 AM
Gutenbergstraße,7111.0,24.0,No,No,0.0,Yes,06/04/2025,9:00:00 AM
Gutenbergstraße,7331.0,26.0,No,No,0.0,Yes,06/04/2025,9:00:00 AM
Gutenbergstraße,7166.0,31.0,No,No,0.0,Yes,06/04/2025,9:00:00 AM
Gutenbergstraße,7261.0,35.0,No,No,0.0,Yes,06/04/2025,9:00:00 AM
Gutenbergstraße,7132.0,34.0,No,No,0.0,Yes,06/04/2025,9:00:00 AM
Gutenbergstraße,7371.0,24.0,No,No,0.0,Yes,06/04/2025,9:00:00 AM
Gutenbergstraße,6836.0,24.0,No,No,0.0,Yes,06/04/2025,9:00:00 AM
Gutenbergstraße,10022.0,19.0,No,No,0.0,Yes,06/04/2025,9:00:00 AM
Gutenbergstraße,7459.0,35.0,No,No,0.0,Yes,06/04/2025,9:00:00 AM
An d. Spinnerei,7755.0,18.0,No,No,0.0,Yes,06/04/2025,9:00:00 AM
An d. Spinnerei,6816.0,10.0,No,No,0.0,Yes,06/04/2025,9:00:00 AM
An d. Spinnerei,10159.0,30.0,No,No,0.0,Yes,06/04/2025,9:00:00 AM
Feldkirchenstraße,,,No,No,0.0,Yes,06/04/2025,9:00:00 AM
Zob,,,No,No,0.0,Yes,06/04/2025,9:00:00 AM
hallstadt,7775.0,28.0,No,No,-20.0,Yes,06/04/2025,1:00:00 PM
hallstadt,6991.0,14.0,No,No,0.0,Yes,06/04/2025,1:00:00 PM
hallstadt,7421.0,10.0,No,No,0.0,Yes,06/04/2025,1:00:00 PM
hallstadt,6945.0,17.0,No,No,0.0,Yes,06/04/2025,1:00:00 PM
hallstadt,6332.0,34.0,No,No,0.0,Yes,06/04/2025,1:00:00 PM
hallstadt,6826.0,23.0,No,No,0.0,Yes,06/04/2025,1:00:00 PM
hallstadt,6723.0,13.0,No,No,0.0,Yes,06/04/2025,1:00:00 PM
hallstadt,6951.0,20.0,No,No,0.0,Yes,06/04/2025,1:00:00 PM
Gutenbergstraße,6624.0,25.0,No,No,0.0,Yes,06/04/2025,1:00:00 PM
Gutenbergstraße,7739.0,25.0,No,No,0.0,Yes,06/04/2025,1:00:00 PM
Gutenbergstraße,7111.0,34.0,No,No,0.0,Yes,06/04/2025,1:00:00 PM
Gutenbergstraße,7166.0,31.0,No,No,0.0,Yes,06/04/2025,1:00:00 PM
Gutenbergstraße,7132.0,34.0,No,No,0.0,Yes,06/04/2025,1:00:00 PM
Gutenbergstraße,7261.0,35.0,No,No,0.0,Yes,06/04/2025,1:00:00 PM
Gutenbergstraße,7166.0,31.0,No,No,0.0,Yes,06/04/2025,1:00:00 PM
Gutenbergstraße,6449.0,34.0,No,No,0.0,Yes,06/04/2025,1:00:00 PM
Gutenbergstraße,7371.0,24.0,No,No,0.0,Yes,06/04/2025,1:00:00 PM
Gutenbergstraße,6836.0,24.0,No,No,0.0,Yes,06/04/2025,1:00:00 PM
Gutenbergstraße,7459.0,35.0,No,No,0.0,Yes,06/04/2025,1:00:00 PM
An d. Spinnerei,6816.0,14.0,No,No,0.0,Yes,06/04/2025,1:00:00 PM
An d. Spinnerei,7453.0,35.0,No,No,0.0,Yes,06/04/2025,1:00:00 PM
An d. Spinnerei,6409.0,35.0,No,No,0.0,Yes,06/04/2025,1:00:00 PM
An d. Spinnerei,7755.0,35.0,No,No,0.0,Yes,06/04/2025,1:00:00 PM
An d. Spinnerei,10137.0,26.0,No,No,0.0,Yes,06/04/2025,1:00:00 PM
Feldkirchenstraße,,,No,No,0.0,Yes,06/04/2025,1:00:00 PM
Zob,7801.0,35.0,No,No,0.0,Yes,06/04/2025,1:00:00 PM
Zob,10072.0,35.0,No,No,0.0,Yes,06/04/2025,1:00:00 PM
hallstadt,7775.0,27.0,No,No,-20.0,Yes,06/04/2025,5:00:00 PM
hallstadt,7421.0,10.0,No,No,0.0,Yes,06/04/2025,5:00:00 PM
hallstadt,6991.0,14.0,No,No,0.0,Yes,06/04/2025,5:00:00 PM
hallstadt,6723.0,13.0,No,No,0.0,Yes,06/04/2025,5:00:00 PM
hallstadt,6332.0,34.0,No,No,0.0,Yes,06/04/2025,5:00:00 PM
hallstadt,6851.0,20.0,No,No,0.0,Yes,06/04/2025,5:00:00 PM
Gutenbergstraße,7739.0,34.0,No,No,0.0,Yes,06/04/2025,5:00:00 PM
Gutenbergstraße,6624.0,24.0,No,No,0.0,Yes,06/04/2025,5:00:00 PM
Gutenbergstraße,7111.0,34.0,No,No,0.0,Yes,06/04/2025,5:00:00 PM
Gutenbergstraße,7331.0,26.0,No,No,0.0,Yes,06/04/2025,5:00:00 PM
Gutenbergstraße,7166.0,30.0,No,No,0.0,Yes,06/04/2025,5:00:00 PM
Gutenbergstraße,7261.0,35.0,No,No,0.0,Yes,06/04/2025,5:00:00 PM
Gutenbergstraße,7132.0,34.0,No,No,0.0,Yes,06/04/2025,5:00:00 PM
Gutenbergstraße,7371.0,24.0,No,No,0.0,Yes,06/04/2025,5:00:00 PM
Gutenbergstraße,6449.0,33.0,No,No,0.0,Yes,06/04/2025,5:00:00 PM
Gutenbergstraße,10022.0,19.0,No,No,0.0,Yes,06/04/2025,5:00:00 PM
Gutenbergstraße,6836.0,24.0,No,No,0.0,Yes,06/04/2025,5:00:00 PM
An d. Spinnerei,6816.0,14.0,No,No,0.0,Yes,06/04/2025,5:00:00 PM
An d. Spinnerei,7730.0,12.0,No,No,0.0,Yes,06/04/2025,5:00:00 PM
An d. Spinnerei,6336.0,19.0,No,No,0.0,Yes,06/04/2025,5:00:00 PM
An d. Spinnerei,7795.0,12.0,No,No,0.0,Yes,06/04/2025,5:00:00 PM
An d. Spinnerei,6409.0,35.0,No,No,0.0,Yes,06/04/2025,5:00:00 PM
An d. Spinnerei,10137.0,29.0,No,No,0.0,Yes,06/04/2025,5:00:00 PM
Feldkirchenstraße,,,No,No,0.0,Yes,06/04/2025,5:00:00 PM
Zob,7458.0,32.0,No,No,0.0,Yes,06/04/2025,5:00:00 PM
Zob,6935.0,20.0,No,No,0.0,Yes,06/04/2025,5:00:00 PM
Zob,10127.0,26.0,No,No,0.0,Yes,06/04/2025,5:00:00 PM
hallstadt,7421.0,35.0,No,No,0.0,Yes,06/04/2025,9:00:00 PM
hallstadt,6991.0,35.0,No,No,0.0,Yes,06/04/2025,9:00:00 PM
hallstadt,6723.0,35.0,No,No,0.0,Yes,06/04/2025,9:00:00 PM
Gutenbergstraße,7739.0,34.0,No,No,0.0,Yes,06/04/2025,9:00:00 PM
Gutenbergstraße,6624.0,24.0,No,No,0.0,Yes,06/04/2025,9:00:00 PM
Gutenbergstraße,7111.0,34.0,No,No,0.0,Yes,06/04/2025,9:00:00 PM
Gutenbergstraße,7331.0,26.0,No,No,0.0,Yes,06/04/2025,9:00:00 PM
Gutenbergstraße,7166.0,30.0,No,No,0.0,Yes,06/04/2025,9:00:00 PM
Gutenbergstraße,7261.0,35.0,No,No,0.0,Yes,06/04/2025,9:00:00 PM
Gutenbergstraße,7132.0,34.0,No,No,0.0,Yes,06/04/2025,9:00:00 PM
Gutenbergstraße,7371.0,24.0,No,No,0.0,Yes,06/04/2025,9:00:00 PM
Gutenbergstraße,6449.0,33.0,No,No,0.0,Yes,06/04/2025,9:00:00 PM
Gutenbergstraße,10022.0,19.0,No,No,0.0,Yes,06/04/2025,9:00:00 PM
Gutenbergstraße,6836.0,24.0,No,No,0.0,Yes,06/04/2025,9:00:00 PM
An d. Spinnerei,6718.0,21.0,No,No,0.0,Yes,06/04/2025,9:00:00 PM
An d. Spinnerei,6816.0,13.0,No,No,0.0,Yes,06/04/2025,9:00:00 PM
An d. Spinnerei,7730.0,12.0,No,No,0.0,Yes,06/04/2025,9:00:00 PM
An d. Spinnerei,6336.0,23.0,No,No,0.0,Yes,06/04/2025,9:00:00 PM
An d. Spinnerei,7795.0,12.0,No,No,0.0,Yes,06/04/2025,9:00:00 PM
An d. Spinnerei,10137.0,29.0,No,No,0.0,Yes,06/04/2025,9:00:00 PM
An d. Spinnerei,6409.0,35.0,No,No,0.0,Yes,06/04/2025,9:00:00 PM
Feldkirchenstraße,,,No,No,0.0,Yes,06/04/2025,9:00:00 PM
Zob,6665.0,35.0,No,No,0.0,Yes,06/04/2025,9:00:00 PM
Zob,10127.0,26.0,No,No,0.0,Yes,06/04/2025,9:00:00 PM
Zob,6735.0,20.0,No,No,0.0,Yes,06/04/2025,9:00:00 PM
Zob,7458.0,32.0,No,No,0.0,Yes,06/04/2025,9:00:00 PM
hallstadt,6999.0,12.0,No,No,0.0,Yes,07/04/2025,9:00:00 AM
hallstadt,9844.0,25.0,No,No,0.0,Yes,07/04/2025,9:00:00 AM
hallstadt,10061.0,28.0,No,No,0.0,Yes,07/04/2025,9:00:00 AM
hallstadt,7421.0,35.0,No,No,0.0,Yes,07/04/2025,9:00:00 AM
hallstadt,7795.0,26.0,No,No,0.0,Yes,07/04/2025,9:00:00 AM
hallstadt,6991.0,35.0,No,No,0.0,Yes,07/04/2025,9:00:00 AM
hallstadt,6951.0,34.0,No,No,0.0,Yes,07/04/2025,9:00:00 AM
hallstadt,6723.0,35.0,No,No,0.0,Yes,07/04/2025,9:00:00 AM
hallstadt,7730.0,31.0,No,No,0.0,Yes,07/04/2025,9:00:00 AM
Gutenbergstraße,7174.0,31.0,No,No,0.0,Yes,07/04/2025,9:00:00 AM
Gutenbergstraße,7739.0,34.0,No,No,0.0,Yes,07/04/2025,9:00:00 AM
Gutenbergstraße,6624.0,35.0,No,No,0.0,Yes,07/04/2025,9:00:00 AM
Gutenbergstraße,7111.0,34.0,No,No,0.0,Yes,07/04/2025,9:00:00 AM
Gutenbergstraße,7331.0,25.0,No,No,0.0,Yes,07/04/2025,9:00:00 AM
Gutenbergstraße,7166.0,30.0,No,No,0.0,Yes,07/04/2025,9:00:00 AM
Gutenbergstraße,7261.0,35.0,No,No,0.0,Yes,07/04/2025,9:00:00 AM
Gutenbergstraße,7132.0,34.0,No,No,0.0,Yes,07/04/2025,9:00:00 AM
Gutenbergstraße,7371.0,35.0,No,No,0.0,Yes,07/04/2025,9:00:00 AM
Gutenbergstraße,6836.0,35.0,No,No,0.0,Yes,07/04/2025,9:00:00 AM
Gutenbergstraße,6449.0,33.0,No,No,0.0,Yes,07/04/2025,9:00:00 AM
Gutenbergstraße,6836.0,35.0,No,No,0.0,Yes,07/04/2025,9:00:00 AM
Gutenbergstraße,7459.0,34.0,No,No,0.0,Yes,07/04/2025,9:00:00 AM
An d. Spinnerei,6518.0,35.0,No,No,0.0,Yes,07/04/2025,9:00:00 AM
An d. Spinnerei,10137.0,29.0,No,No,0.0,Yes,07/04/2025,9:00:00 AM
An d. Spinnerei,6332.0,21.0,No,No,0.0,Yes,07/04/2025,9:00:00 AM
An d. Spinnerei,6544.0,35.0,No,No,0.0,Yes,07/04/2025,9:00:00 AM
Feldkirchenstraße,8653.0,31.0,No,No,0.0,Yes,07/04/2025,9:00:00 AM
Zob,6665.0,35.0,No,No,0.0,Yes,07/04/2025,9:00:00 AM
Zob,7458.0,31.0,No,No,0.0,Yes,07/04/2025,9:00:00 AM
Zob,7447.0,30.0,No,No,0.0,Yes,07/04/2025,9:00:00 AM
Zob,6935.0,20.0,No,No,0.0,Yes,07/04/2025,9:00:00 AM
Zob,10127.0,26.0,No,No,0.0,Yes,07/04/2025,9:00:00 AM
Zob,7761.0,35.0,Yes,No,0.0,No,07/04/2025,9:00:00 AM
Zob,9817.0,35.0,Yes,No,0.0,No,07/04/2025,9:00:00 AM
Zob,10132.0,35.0,Yes,No,0.0,No,07/04/2025,9:00:00 AM
Zob,7395.0,35.0,Yes,No,0.0,No,07/04/2025,9:00:00 AM
Zob,6452.0,35.0,Yes,No,0.0,No,07/04/2025,9:00:00 AM
Zob,7770.0,34.0,Yes,No,0.0,No,07/04/2025,9:00:00 AM
Zob,7825.0,35.0,Yes,No,0.0,No,07/04/2025,9:00:00 AM
Zob,8668.0,35.0,Yes,No,0.0,No,07/04/2025,9:00:00 AM
hallstadt,6999.0,12.0,No,No,0.0,Yes,07/04/2025,1:00:00 PM
hallstadt,9845.0,26.0,No,No,0.0,Yes,07/04/2025,1:00:00 PM
hallstadt,6407.0,22.0,No,No,0.0,Yes,07/04/2025,1:00:00 PM
hallstadt,10061.0,28.0,No,No,0.0,Yes,07/04/2025,1:00:00 PM
hallstadt,7421.0,35.0,No,No,0.0,Yes,07/04/2025,1:00:00 PM
hallstadt,7795.0,26.0,No,No,0.0,Yes,07/04/2025,1:00:00 PM
hallstadt,6991.0,35.0,No,No,0.0,Yes,07/04/2025,1:00:00 PM
hallstadt,6951.0,34.0,No,No,0.0,Yes,07/04/2025,1:00:00 PM
hallstadt,6723.0,35.0,No,No,0.0,Yes,07/04/2025,1:00:00 PM
hallstadt,7730.0,31.0,No,No,0.0,Yes,07/04/2025,1:00:00 PM
hallstadt,7174.0,31.0,No,No,0.0,Yes,07/04/2025,1:00:00 PM
Gutenbergstraße,7739.0,34.0,No,No,0.0,Yes,07/04/2025,1:00:00 PM
Gutenbergstraße,7111.0,34.0,No,No,0.0,Yes,07/04/2025,1:00:00 PM
Gutenbergstraße,7166.0,30.0,No,No,0.0,Yes,07/04/2025,1:00:00 PM
Gutenbergstraße,7261.0,35.0,No,No,0.0,Yes,07/04/2025,1:00:00 PM
Gutenbergstraße,7132.0,34.0,No,No,0.0,Yes,07/04/2025,1:00:00 PM
Gutenbergstraße,7371.0,35.0,No,No,0.0,Yes,07/04/2025,1:00:00 PM
Gutenbergstraße,6836.0,35.0,No,No,0.0,Yes,07/04/2025,1:00:00 PM
Gutenbergstraße,7459.0,34.0,No,No,0.0,Yes,07/04/2025,1:00:00 PM
Gutenbergstraße,6836.0,35.0,No,No,0.0,Yes,07/04/2025,1:00:00 PM
An d. Spinnerei,6518.0,35.0,No,No,0.0,Yes,07/04/2025,1:00:00 PM
An d. Spinnerei,10033.0,30.0,No,No,0.0,Yes,07/04/2025,1:00:00 PM
An d. Spinnerei,6364.0,26.0,No,No,0.0,Yes,07/04/2025,1:00:00 PM
An d. Spinnerei,6544.0,35.0,No,No,0.0,Yes,07/04/2025,1:00:00 PM
An d. Spinnerei,6332.0,21.0,No,No,0.0,Yes,07/04/2025,1:00:00 PM
An d. Spinnerei,10137.0,29.0,No,No,0.0,Yes,07/04/2025,1:00:00 PM
Feldkirchenstraße,7229.0,31.0,No,No,0.0,Yes,07/04/2025,1:00:00 PM
Zob,6665.0,35.0,No,No,0.0,Yes,07/04/2025,1:00:00 PM
Zob,6409.0,27.0,Yes,No,0.0,No,07/04/2025,1:00:00 PM
Zob,7761.0,35.0,Yes,No,0.0,No,07/04/2025,1:00:00 PM
Zob,10132.0,35.0,Yes,No,0.0,No,07/04/2025,1:00:00 PM
Zob,8668.0,35.0,Yes,No,0.0,No,07/04/2025,1:00:00 PM
Zob,7825.0,35.0,Yes,No,0.0,No,07/04/2025,1:00:00 PM
Zob,6452.0,35.0,Yes,No,0.0,No,07/04/2025,1:00:00 PM
Zob,7770.0,34.0,Yes,No,0.0,No,07/04/2025,1:00:00 PM
Zob,7395.0,35.0,Yes,No,0.0,No,07/04/2025,1:00:00 PM
Zob,9817.0,35.0,Yes,No,0.0,No,07/04/2025,1:00:00 PM
Zob,7447.0,30.0,Yes,No,0.0,No,07/04/2025,1:00:00 PM
Zob,7458.0,31.0,No,No,0.0,Yes,07/04/2025,1:00:00 PM
Zob,6935.0,20.0,No,No,0.0,Yes,07/04/2025,1:00:00 PM
Zob,10127.0,26.0,No,No,0.0,Yes,07/04/2025,1:00:00 PM
hallstadt,6999.0,12.0,No,No,0.0,Yes,07/04/2025,5:00:00 PM
hallstadt,9844.0,26.0,No,No,0.0,Yes,07/04/2025,5:00:00 PM
hallstadt,6991.0,35.0,No,No,0.0,Yes,07/04/2025,5:00:00 PM
hallstadt,7795.0,26.0,No,No,0.0,Yes,07/04/2025,5:00:00 PM
hallstadt,7421.0,35.0,No,No,0.0,Yes,07/04/2025,5:00:00 PM
hallstadt,6951.0,34.0,No,No,0.0,Yes,07/04/2025,5:00:00 PM
hallstadt,10137.0,19.0,No,No,0.0,Yes,07/04/2025,5:00:00 PM
hallstadt,6723.0,35.0,No,No,0.0,Yes,07/04/2025,5:00:00 PM
Gutenbergstraße,7739.0,34.0,No,No,0.0,Yes,07/04/2025,5:00:00 PM
Gutenbergstraße,6624.0,35.0,No,No,0.0,Yes,07/04/2025,5:00:00 PM
Gutenbergstraße,7111.0,34.0,No,No,0.0,Yes,07/04/2025,5:00:00 PM
Gutenbergstraße,7459.0,35.0,No,No,0.0,Yes,07/04/2025,5:00:00 PM
Gutenbergstraße,10022.0,18.0,No,No,0.0,Yes,07/04/2025,5:00:00 PM
Gutenbergstraße,6836.0,35.0,No,No,0.0,Yes,07/04/2025,5:00:00 PM
Gutenbergstraße,6449.0,33.0,No,No,0.0,Yes,07/04/2025,5:00:00 PM
Gutenbergstraße,7371.0,35.0,No,No,0.0,Yes,07/04/2025,5:00:00 PM
Gutenbergstraße,7132.0,34.0,No,No,0.0,Yes,07/04/2025,5:00:00 PM
Gutenbergstraße,7261.0,35.0,No,No,0.0,Yes,07/04/2025,5:00:00 PM
Gutenbergstraße,7331.0,25.0,No,No,0.0,Yes,07/04/2025,5:00:00 PM
Gutenbergstraße,7666.0,29.0,No,No,0.0,Yes,07/04/2025,5:00:00 PM
An d. Spinnerei,6518.0,35.0,No,No,0.0,Yes,07/04/2025,5:00:00 PM
An d. Spinnerei,6816.0,35.0,No,Yes,0.0,No,07/04/2025,5:00:00 PM
An d. Spinnerei,10033.0,30.0,No,No,0.0,Yes,07/04/2025,5:00:00 PM
An d. Spinnerei,7730.0,33.0,No,No,0.0,Yes,07/04/2025,5:00:00 PM
An d. Spinnerei,6364.0,26.0,No,No,0.0,Yes,07/04/2025,5:00:00 PM
An d. Spinnerei,7360.0,33.0,No,No,0.0,Yes,07/04/2025,5:00:00 PM
An d. Spinnerei,6332.0,21.0,No,No,0.0,Yes,07/04/2025,5:00:00 PM
Feldkirchenstraße,7229.0,31.0,No,No,0.0,Yes,07/04/2025,5:00:00 PM
Feldkirchenstraße,7129.0,30.0,No,No,0.0,Yes,07/04/2025,5:00:00 PM
Zob,6665.0,35.0,No,No,0.0,Yes,07/04/2025,5:00:00 PM
Zob,6935.0,20.0,No,No,0.0,Yes,07/04/2025,5:00:00 PM
Zob,10127.0,26.0,No,No,0.0,Yes,07/04/2025,5:00:00 PM
Zob,7161.0,35.0,Yes,No,0.0,No,07/04/2025,5:00:00 PM
Zob,10132.0,35.0,Yes,No,0.0,No,07/04/2025,5:00:00 PM
Zob,8668.0,35.0,Yes,No,0.0,No,07/04/2025,5:00:00 PM
Zob,7825.0,35.0,Yes,No,0.0,No,07/04/2025,5:00:00 PM
Zob,7770.0,34.0,Yes,No,0.0,No,07/04/2025,5:00:00 PM
Zob,7395.0,35.0,Yes,No,0.0,No,07/04/2025,5:00:00 PM
Zob,6452.0,35.0,Yes,No,0.0,No,07/04/2025,5:00:00 PM
Zob,7736.0,35.0,Yes,No,0.0,No,07/04/2025,5:00:00 PM
Zob,9817.0,35.0,Yes,No,0.0,No,07/04/2025,5:00:00 PM
hallstadt,6999.0,12.0,No,No,0.0,Yes,07/04/2025,9:00:00 PM
hallstadt,7594.0,19.0,No,No,0.0,Yes,07/04/2025,9:00:00 PM
hallstadt,6991.0,35.0,No,No,0.0,Yes,07/04/2025,9:00:00 PM
hallstadt,7795.0,26.0,No,No,0.0,Yes,07/04/2025,9:00:00 PM
hallstadt,7421.0,35.0,No,No,0.0,Yes,07/04/2025,9:00:00 PM
hallstadt,6723.0,35.0,No,No,0.0,Yes,07/04/2025,9:00:00 PM
hallstadt,7739.0,34.0,No,No,0.0,Yes,07/04/2025,9:00:00 PM
hallstadt,6624.0,34.0,No,No,0.0,Yes,07/04/2025,9:00:00 PM
hallstadt,7111.0,34.0,No,No,0.0,Yes,07/04/2025,9:00:00 PM
hallstadt,7166.0,29.0,No,No,0.0,Yes,07/04/2025,9:00:00 PM
hallstadt,7331.0,25.0,No,No,0.0,Yes,07/04/2025,9:00:00 PM
hallstadt,7261.0,35.0,No,No,0.0,Yes,07/04/2025,9:00:00 PM
hallstadt,6484.0,23.0,No,No,0.0,Yes,07/04/2025,9:00:00 PM
hallstadt,7371.0,35.0,No,No,0.0,Yes,07/04/2025,9:00:00 PM
hallstadt,10022.0,18.0,No,No,0.0,Yes,07/04/2025,9:00:00 PM
hallstadt,7459.0,34.0,No,No,0.0,Yes,07/04/2025,9:00:00 PM
hallstadt,6836.0,35.0,No,No,0.0,Yes,07/04/2025,9:00:00 PM
hallstadt,7459.0,34.0,No,No,0.0,Yes,07/04/2025,9:00:00 PM
Gutenbergstraße,7739.0,34.0,No,No,0.0,Yes,07/04/2025,9:00:00 PM
Gutenbergstraße,6624.0,35.0,No,No,0.0,Yes,07/04/2025,9:00:00 PM
Gutenbergstraße,7111.0,34.0,No,No,0.0,Yes,07/04/2025,9:00:00 PM
Gutenbergstraße,7459.0,35.0,No,No,0.0,Yes,07/04/2025,9:00:00 PM
Gutenbergstraße,10022.0,18.0,No,No,0.0,Yes,07/04/2025,9:00:00 PM
Gutenbergstraße,6836.0,35.0,No,No,0.0,Yes,07/04/2025,9:00:00 PM
Gutenbergstraße,6449.0,33.0,No,No,0.0,Yes,07/04/2025,9:00:00 PM
Gutenbergstraße,7371.0,35.0,No,No,0.0,Yes,07/04/2025,9:00:00 PM
Gutenbergstraße,7132.0,34.0,No,No,0.0,Yes,07/04/2025,9:00:00 PM
Gutenbergstraße,7261.0,35.0,No,No,0.0,Yes,07/04/2025,9:00:00 PM
Gutenbergstraße,7666.0,29.0,No,No,0.0,Yes,07/04/2025,9:00:00 PM
An d. Spinnerei,6518.0,18.0,No,No,0.0,Yes,07/04/2025,9:00:00 PM
An d. Spinnerei,5444.0,33.0,No,No,0.0,Yes,07/04/2025,9:00:00 PM
An d. Spinnerei,7753.0,23.0,No,No,0.0,Yes,07/04/2025,9:00:00 PM
An d. Spinnerei,10033.0,30.0,No,No,0.0,Yes,07/04/2025,9:00:00 PM
An d. Spinnerei,7730.0,33.0,No,No,0.0,Yes,07/04/2025,9:00:00 PM
An d. Spinnerei,6364.0,26.0,No,No,0.0,Yes,07/04/2025,9:00:00 PM
An d. Spinnerei,7360.0,33.0,No,No,0.0,Yes,07/04/2025,9:00:00 PM
An d. Spinnerei,6332.0,21.0,No,No,0.0,Yes,07/04/2025,9:00:00 PM
Feldkirchenstraße,8668.0,31.0,No,No,0.0,Yes,07/04/2025,9:00:00 PM
Feldkirchenstraße,7229.0,31.0,No,No,0.0,Yes,07/04/2025,9:00:00 PM
Feldkirchenstraße,7236.0,27.0,No,No,0.0,Yes,07/04/2025,9:00:00 PM
Feldkirchenstraße,7129.0,30.0,No,No,0.0,Yes,07/04/2025,9:00:00 PM
Zob,7761.0,35.0,Yes,No,0.0,No,07/04/2025,9:00:00 PM
Zob,10132.0,35.0,Yes,No,0.0,No,07/04/2025,9:00:00 PM
Zob,7395.0,35.0,Yes,No,0.0,No,07/04/2025,9:00:00 PM
Zob,7770.0,34.0,Yes,No,0.0,No,07/04/2025,9:00:00 PM
Zob,6536.0,34.0,Yes,No,0.0,No,07/04/2025,9:00:00 PM
Zob,6452.0,34.0,Yes,No,0.0,No,07/04/2025,9:00:00 PM
